ID,Type,UGS,"GTIN, UPC, EAN ou ISBN",Nom,Publié,Mis en avant ?,Visibilité dans le catalogue,Description courte,Description,Date de début de promo,Date de fin de promo,État de la TVA,Classe de TVA,En stock ?,Stock,Montant de stock faible,Autoriser les commandes de produits en rupture ?,Vendre individuellement ?,Poids (g),Longueur (cm),Largeur (cm),Hauteur (cm),Autoriser les avis clients ?,Note de commande,Tarif promo,Tarif régulier,Catégories,Étiquettes,Classe d’expédition,Images,Limite de téléchargement,Jours d’expiration du téléchargement,Parent,Groupes de produits,Produits suggérés,Ventes croisées,URL externe,Libellé du bouton,Position,EAN,Marques
767,simple,2029352395662.0,,Gommage Nila  visage et corps,-1,0,visible,Gommage Nila visage et corps,Gommage Nila visage et corps,,,taxable,,1,,,0,0,100.0,,,,1,,,35,Non classé,,,,,,,,,,,,0,3000000007679.0,
819,simple,2039965978923.0,,Synergie Soin Intense,-1,0,visible,"INGRÉDIENTS :Huile d'olive,huile de nigelle,huile de ricin,huile de sésame, huile de noix de coco,huile d'amandes douces et huile d'argan Bio.","SYNERGIE SOIN INTENSE NATURAFRIKA\n\nFLACON DE 7 HUILES\n\nPROCÉDÉ D'OBTENTION: Première pression à froid\n\n⚫QUALITÉ: 100% Pure et naturelle,sans aucun traitement chimique\n•PAYS D'ORIGINE: MAROC\n•PROPRIÉTÉS :Synergie d'huiles végétales de première pression à froid qui hydrate et nourrit les cheveux en profondeur.Utilisée une fois par semaine elle rendra vos cheveux soyeux et brillant.\n\n⚫UTILISATION : Appliquez sur longueurs et pointes en évitant les racines,puis laissez poser 30 minutes .Rincez à l'eau claire ou faites votre shampooing.\n\n&nbsp;",,,taxable,,1,,,0,0,,,,,1,,,35,Non classé,,,,,,,,,,,,0,3000000008195.0,
859,simple,2012315196307.0,,shampoings Anti-Chute,-1,0,visible,shampoings Anti-Chute,shampoings Anti-Chute,,,taxable,,1,,,0,1,,,,,1,,,35,Non classé,,,,,,,,,,,,0,3000000008591.0,
861,simple,2071699558262.0,,Shampoing anti chute Pro Vitamine B5,-1,0,visible,Shampoing anti chute Pro Vitamine B5,Shampoing anti chute Pro Vitamine B5,,,taxable,,1,,,0,1,,,,,1,,,35,Non classé,,,,,,,,,,,,0,3000000008614.0,
863,simple,2073416414219.0,,Shampoing anti chute Démelant et a l'huile de nigelle,-1,0,visible,Shampoing anti chute Démelant et a l'huile de nigelle,Shampoing anti chute Démêlant et a l'huile de nigelle,,,taxable,,1,,,0,1,,,,,1,,,35,Non classé,,,,,,,,,,,,0,3000000008638.0,
1794,simple,2056693593662.0,,Woody Oud 80 ml – Maison Alhambra,1,0,visible,"<ul>\n 	<li>Notes de tête: Cardamone, Baie Rose</li>\n 	<li>Notes de cœur: Vétiver, Oud</li>\n 	<li>Notes de fond: Fève tonka, Ambre</li>\n</ul>","<b style=""font-weight: bold; line-height: inherit;"">Woody Oud</b> de <b style=""font-weight: bold; line-height: inherit;"">Maison Alhambra</b> est un parfum pour homme et femme. La note de tête est Oud; la note de coeur est Bois de santal; les notes de fond sont Oud, Amberwood et Bois d'agar du Cambodge.",,,none,taux-zero,1,,,0,0,750.0,,,,0,,,35,"PARFUMS ALHAMBRA, PARFUMS ALHAMBRA > PARFUMS FEMME ALHAMBRA",,,https://www.frenchavenue.fr/wp-content/uploads/2023/12/1000041833-jpg.webp,,,,,,,,,0,3000000017944.0,
1795,simple,2053211074238.0,,The Tux Maison Alhambra-Mixte,1,0,visible,"<h1><span style=""font-size: 75%;""><strong>The Tux – Maison Alhambra | L'élégance noire incarnée</strong></span></h1>\n<em>Un parfum masculin d’exception, inspiré du raffinement d’un smoking sur mesure.</em>\n\nThe Tux – Maison Alhambra est un parfum masculin sophistiqué, aux notes boisées, florales et orientales. Une fragrance élégante et intense à découvrir sur FrenchAvenue.fr.","<h1><span style=""font-size: 75%;""><strong>The Tux – Maison Alhambra | L'élégance noire incarnée</strong></span></h1>\n<em>Un parfum masculin d’exception, inspiré du raffinement d’un smoking sur mesure.</em>\n\nThe Tux – Maison Alhambra est un parfum masculin sophistiqué, aux notes boisées, florales et orientales. Une fragrance élégante et intense à découvrir sur FrenchAvenue.fr.\n\n<hr />\n\n<h2><strong>The Tux – L'art du charisme à l’état pur</strong></h2>\n<strong>The Tux – Maison Alhambra</strong> incarne l’élégance absolue.\nInspiré par le charme intemporel d’un smoking noir, ce parfum masculin s’adresse aux hommes qui cultivent un style irréprochable et une aura irrésistible.\nEntre sophistication, sensualité et force tranquille, <strong>The Tux</strong> est une signature olfactive marquante, pensée pour les grandes occasions et les moments décisifs.\n\n<hr />\n\n<h2><strong>Une composition olfactive d’un chic saisissant</strong></h2>\n<h3><strong>Notes de tête</strong></h3>\nPoivre noir, bergamote\nUne attaque épicée et fraîche, qui capte l’attention avec autorité.\n<h3><strong>Notes de cœur</strong></h3>\nRose, iris, lavande\nUn cœur floral poudré, évoquant la finesse d’une chemise immaculée et l’élégance d’un geste mesuré.\n<h3><strong>Notes de fond</strong></h3>\nPatchouli, ambre, vanille, bois ambré\nUn fond chaud et enveloppant, qui signe un sillage intense, durable et profondément masculin.\n\n<hr />\n\n<h2><strong>Pourquoi choisir The Tux – Maison Alhambra ?</strong></h2>\n<ul>\n 	<li>Parfum masculin sophistiqué et charismatique</li>\n 	<li>Idéal pour les soirées, événements et rendez-vous importants</li>\n 	<li>Tenue remarquable et projection élégante</li>\n 	<li>Flacon sombre et élégant, à l’image de la fragrance</li>\n</ul>\n\n<hr />\n\n<h2><strong>The Tux – L’empreinte du gentleman moderne</strong></h2>\n<strong>The Tux – Maison Alhambra</strong> n’est pas un parfum ordinaire.\nC’est une déclaration. Une manière de dire, sans un mot, que l’élégance ne se résume pas à une tenue : elle se porte aussi sur la peau.\nCette fragrance est pensée pour les hommes sûrs d’eux, exigeants, et profondément raffinés.\n\n<hr />\n\n<h2><strong>Commandez The Tux – Maison Alhambra sur FrenchAvenue.fr</strong></h2>\nOffrez-vous l’essence du chic intemporel avec <strong>The Tux – Maison Alhambra</strong>, disponible dès maintenant sur <em>FrenchAvenue.fr</em>.\nBénéficiez d’une livraison rapide, d’un service client réactif et d’un parfum d’exception au cœur de votre collection.",,,none,taux-zero,1,,,0,0,750.0,,,,1,,,40,"PARFUMS ALHAMBRA, PARFUMS ALHAMBRA > PARFUMS FEMME ALHAMBRA, PARFUMS HOMME ALHAMBRA, PARFUMS MIXTE, PARFUMS ALHAMBRA > PARFUMS MIXTE ALHAMBRA",,,https://www.frenchavenue.fr/wp-content/uploads/2024/03/Capture-decran-2024-01-19-172807.png,,,,,,,,,0,3000000017951.0,
1796,simple,2015934779845.0,,Ramz Silver Lattafa,1,0,visible,"<span style=""font-family: Poppins,;"">Notes de Tête : Anis étoilé, Pamplemousse et Mandarines.</span>\n<span style=""font-family: Poppins,;"">Notes de Coeur :Héliotrope, Cèdre, fleurs d’olivier et Cyprès.</span>\n<span style=""font-family: Poppins,;"">Notes de Fond : Vanille, Fèves de Tonka et Bois de gaïac.</span>","Ramz Silver Lattafa de <b style=""font-weight: bold; line-height: inherit;"">Lattafa Perfumes</b> est un parfum Ambre Vanillé pour homme et femme. <b style=""font-weight: bold; line-height: inherit;"">Ramz Lattafa Silver</b> a été lancé en 2021. Les notes de tête sont Poire, Lavande, Menthe et Bergamote; les notes de coeur sont Cardamome et Sauge; les notes de fond sont Vanille, Ambre, Musc et Patchouli",,,none,taux-zero,1,,,0,0,750.0,,,,0,,,35,"PARFUMS ALHAMBRA, PARFUMS LATTAFA > PARFUMS FEMME LATTAFA, PARFUMS LATTAFA > PARFUMS HOMME LATTAFA, PARFUMS LATTAFA, PARFUMS LATTAFA > PARFUMS MIXTE LATTAFA",,,https://www.frenchavenue.fr/wp-content/uploads/2024/01/pdt2_7_2_2_1_700x700_auc6291106066722_rw_eau-de-parfum-ramz-lattafa-silver-by-lattafa-100ml-1.jpg,,,,,,,,,0,3000000017968.0,
1797,simple,2055039649971.0,,Ramz Gold 100ml – Lattafa mixte,1,0,visible,"<ul class=""a-unordered-list a-vertical a-spacing-none"" style=""margin: 0px0px0px1.8rem; padding: 0px;"">\n 	<li class=""a-spacing-mini"" style=""margin: 0px;""><span class=""a-list-item"">Notes de tête : bergamout, pomme et ananas. Notes de cœur : bouleau, patchouli et jasmin. Notes de fond : musc, mousse de chêne, cuir et ambre</span></li>\n</ul>","<b style=""font-weight: bold; line-height: inherit;"">Ramz GOLD</b> de <b style=""font-weight: bold; line-height: inherit;"">Lattafa Perfumes</b> est un parfum pour homme et femme. Les notes de tête sont Pomme, Poire, Pêche, Orange douce et Cassis; les notes de coeur sont Jasmin Sambac, Rose et Fleur d'oranger; les notes de fond sont Bois de santal, Musc blanc, Patchouli et Vanille.",,,none,taux-zero,1,,,0,0,750.0,,,,0,,,35,"PARFUMS LATTAFA > PARFUMS FEMME LATTAFA, PARFUMS LATTAFA > PARFUMS HOMME LATTAFA, PARFUMS LATTAFA, PARFUMS LATTAFA > PARFUMS MIXTE LATTAFA",,,https://www.frenchavenue.fr/wp-content/uploads/2023/12/ramz-lattafa-eau-de-parfum-jpg.webp,,,,,,,,,0,3000000017975.0,
1798,simple,2076844138658.0,,Raghba 100 ml – Lattafa-Mixte,1,0,visible,"<strong>Notes olfactives :</strong>\n\n<strong>Notes de tête</strong> : Vanille et oud.\n<strong>Notes de coeur</strong> : Bois de santal et encens.\n<strong>Notes de fond</strong> : Sucrée.","<h1><span style=""font-size: 75%;"">Raghba de Lattafa Perfumes est un parfum Ambre Vanillé pour homme et femme</span></h1>",,,none,taux-zero,1,,,0,0,750.0,,,,0,,,35,"PARFUMS LATTAFA > PARFUMS FEMME LATTAFA, PARFUMS LATTAFA > PARFUMS HOMME LATTAFA, PARFUMS LATTAFA, PARFUMS LATTAFA > PARFUMS MIXTE LATTAFA",,,https://www.frenchavenue.fr/wp-content/uploads/2023/12/1000029948-1-jpg.webp,,,,,,,,,0,3000000017982.0,
1799,simple,2078465651431.0,,Khamrah Lattafa,1,0,visible,"<h1><span style=""font-size: 75%;""><strong>Khamrah – Lattafa | Une symphonie orientale envoûtante</strong></span></h1>\n<em>L’élégance d’un parfum gourmand et épicé, aux accents orientaux et chaleureux.</em>\n\nKhamrah – Lattafa est un parfum mixte, intense et sucré, aux notes de cannelle, de datte et de vanille. Une fragrance orientale irrésistible à découvrir sur FrenchAvenue.fr.","<h1><span style=""font-size: 75%;""><strong>Khamrah – Lattafa | Une symphonie orientale envoûtante</strong></span></h1>\n<em>L’élégance d’un parfum gourmand et épicé, aux accents orientaux et chaleureux.</em>\n\nKhamrah – Lattafa est un parfum mixte, intense et sucré, aux notes de cannelle, de datte et de vanille. Une fragrance orientale irrésistible à découvrir sur FrenchAvenue.fr.\n\n<hr />\n\n<h2><strong>Khamrah – L'essence de la séduction orientale</strong></h2>\n<strong>Khamrah – Lattafa</strong> est une invitation sensorielle au cœur des terres orientales.\nCe parfum mixte s’adresse aux amoureux des senteurs chaudes, épicées et enveloppantes.\nIl marie subtilement la douceur des fruits secs à l’intensité des épices, pour un sillage captivant, presque hypnotique.\nC’est un parfum affirmé, généreux, et profondément élégant.\n\n<hr />\n\n<h2><strong>Pyramide olfactive : un équilibre somptueux</strong></h2>\n<h3><strong>Notes de tête</strong></h3>\nCannelle, muscade, bergamote\nUn départ épicé et vif, qui évoque les bazars orientaux et les souvenirs chaleureux.\n<h3><strong>Notes de cœur</strong></h3>\nDattes, praline, tubéreuse, mahonial\nUn cœur gourmand, sucré et exotique, comme une caresse parfumée sur la peau.\n<h3><strong>Notes de fond</strong></h3>\nVanille, fève tonka, myrrhe, ambroxan, bois d’Akigala, benjoin\nUn fond résineux, suave et persistant, à la fois sensuel et mystique.\n\n<hr />\n\n<h2><strong>Pourquoi choisir Khamrah – Lattafa ?</strong></h2>\n<ul>\n 	<li>Parfum mixte aux accents orientaux, sucrés et épicés</li>\n 	<li>Idéal pour les saisons fraîches et les soirées</li>\n 	<li>Excellente tenue et projection</li>\n 	<li>Flacon luxueux, aux détails orientaux affirmés</li>\n</ul>\n\n<hr />\n\n<h2><strong>Khamrah – L’équilibre entre force et douceur</strong></h2>\n<strong>Khamrah – Lattafa</strong> incarne la dualité parfaite entre intensité et tendresse.\nIl est à la fois chaleureux et sophistiqué, audacieux et raffiné.\nChaque vaporisation est une déclaration, un choix de se démarquer, d’envelopper l’espace d’un sillage charismatique et addictif.\n\n<hr />\n\n<h2><strong>Commandez Khamrah – Lattafa sur FrenchAvenue.fr</strong></h2>\nRetrouvez <strong>Khamrah – Lattafa</strong> sur <em>FrenchAvenue.fr</em>, et laissez-vous emporter par une fragrance intense et envoûtante.\nLivraison rapide, service client réactif, et sélection des meilleurs parfums orientaux vous attendent.",,,none,taux-zero,1,4.0,,0,0,750.0,,,,0,,,"39,80","PARFUMS LATTAFA, PARFUMS MIXTE, PARFUMS LATTAFA > PARFUMS MIXTE LATTAFA",,,"https://www.frenchavenue.fr/wp-content/uploads/2024/01/Khamrah.jpeg, https://www.frenchavenue.fr/wp-content/uploads/2024/01/lattafa-khamrah.jpeg",,,,,,,,,0,3000000017999.0,
1800,simple,2098453427671.0,,Qaa'ed de Lattafa,1,0,visible,"<strong>Notes olfactives :</strong>\nLes notes de tête sont Cannelle, Cardamome et Bergamote; les notes de coeur sont Safran, Bois de santal, Cèdre et Œillet; les notes de fond sont Vanille, Oud, Cuir et Ambre.\n\n<strong>Genre</strong> : Mixte.","<b style=""font-weight: bold; line-height: inherit;"">Qaa'ed</b> de <b style=""font-weight: bold; line-height: inherit;"">Lattafa Perfumes</b> est un parfum Ambre pour homme et femme. <b style=""font-weight: bold; line-height: inherit;"">Qaa'ed</b> a été lancé en 2018.",,,none,taux-zero,1,,,0,0,750.0,,,,0,,,35,"PARFUMS LATTAFA > PARFUMS FEMME LATTAFA, PARFUMS LATTAFA > PARFUMS HOMME LATTAFA, PARFUMS LATTAFA, PARFUMS LATTAFA > PARFUMS MIXTE LATTAFA",,,https://www.frenchavenue.fr/wp-content/uploads/2023/12/qaaed-2-1-jpg.webp,,,,,,,,,0,3000000018002.0,
1801,simple,2053966445741.0,,I am white Ana Abiyedh Rouge 60ml – Lattafa,1,0,visible,"<strong>Notes olfactives :</strong>\n\n<strong>Notes de tête</strong> : Nashi Pear, Kumquat et Bergamote\n<strong>Notes de cœur</strong> : Géranium, Cardamome et Coriandre\n<strong>Notes de fond</strong> : Ambre gris, Daim et Vétiver de Tahiti.\n\n<strong>Genre</strong> : Mixte",I am white Ana Abiyedh Rouge 60ml – Lattafa,,,none,taux-zero,1,,,0,0,750.0,,,,0,,,35,"PARFUMS LATTAFA > PARFUMS FEMME LATTAFA, PARFUMS LATTAFA, PARFUMS MIXTE",,,https://www.frenchavenue.fr/wp-content/uploads/2024/01/Capture-decran-2024-03-19-061849.png,,,,,,,,,0,3000000018019.0,
1802,simple,2054522931043.0,,Fakhar Black Eau de Parfum 100 ml,1,0,visible,"<strong>Notes olfactives :</strong>\n\n<strong>Notes olfactives</strong> : bergamote, pomme verte, épices, horoscope, lavande, rose, fève tonka, musc, mousse de chene, ambroxan, bois de cèdre\n\nGenre : Masculin.","<b style=""font-weight: bold; line-height: inherit;"">Fakhar Black</b> de <b style=""font-weight: bold; line-height: inherit;"">Lattafa Perfumes</b> est un parfum Ambre pour homme. C'est un nouveau parfum. <b style=""font-weight: bold; line-height: inherit;"">Fakhar Black</b> a été lancé en 2022. Les notes de tête sont Pomme, Bergamote et Gingembre; les notes de coeur sont Lavande, Sauge, Baies de genévrier et Géranium; les notes de fond sont Fève de tonka, Amberwood, Cèdre et Vétiver.",,,none,taux-zero,1,,,0,0,750.0,,,,0,,,35,"PARFUMS LATTAFA > PARFUMS FEMME LATTAFA, PARFUMS LATTAFA > PARFUMS HOMME LATTAFA, PARFUMS LATTAFA, PARFUMS LATTAFA > PARFUMS MIXTE LATTAFA",,,https://www.frenchavenue.fr/wp-content/uploads/2023/12/fakhar-silver-lattafa-eau-de-parfum-mixte-jpg.webp,,,,,,,,,0,3000000018026.0,
1803,simple,2050703513183.0,,Eau de Parfum Fakhar Lattafa Rose Gold 100ml de Lattafa,1,0,visible,"Notes de tête: Rose, Jasmin, Pêche, Poire, Pomme\n\nNotes de cœur: Ylang-Ylang, Patchouli, Agrume, Fleur d’Oranger\n\nNotes de fond: Vétiver, Boisé, Vanille, Floral","Le parfum <strong>Fakhar Lattafa Rose Gold</strong> est une fragrance captivante qui marie la douceur florale à la chaleur orientale. Lancé en 2022, il présente des notes de tête telles que la rose, le jasmin, la pêche, la poire, et des notes de cœur comprenant le ylang-ylang, le patchouli, les agrumes et les fleurs. Ce parfum offre une expérience olfactive sophistiquée avec des accords de bois de oud, labdanum, patchouli, santal, rose et musc, créant ainsi une fragrance profonde et chaleureuse",,,none,taux-zero,1,,,0,0,750.0,,,,1,,,35,"PARFUMS LATTAFA > PARFUMS FEMME LATTAFA, PARFUMS LATTAFA",,,"https://www.frenchavenue.fr/wp-content/uploads/2024/01/Capture-decran-2024-03-31-180211.png, https://www.frenchavenue.fr/wp-content/uploads/2023/12/1000029827-jpg.webp",,,,,,,,,0,3000000018033.0,
1804,simple,2028345322920.0,,Ejaazi - Mixte,1,0,visible,"Notes de tête : Orange, myrte, agrumes, lavande, cardamome\n\nNotes de cœur : Muguet, feuille de cannelle, patchouli, poivre\n\nNotes de fond : Mousse de chêne, bois de cèdre, accords boisés, vétiver, ambre","<div class=""primary_block row"">\n<div class=""pb-center-column col-xs-12 col-sm-7"">\n<div id=""short_description_block"">\n<div id=""short_description_content"" class=""rte align_justify"">\n\nEjaazi - Mixte parfum de Lattafa est un parfum de fougère aromatique, mais avec un penchant très fort pour le genre chypré, épicé, oriental.\n\n</div>\n</div>\n</div>\n</div>\n&nbsp;",,,none,taux-zero,1,,,0,0,750.0,,,,0,,,35,"PARFUMS LATTAFA > PARFUMS FEMME LATTAFA, PARFUMS LATTAFA > PARFUMS HOMME LATTAFA, PARFUMS LATTAFA, PARFUMS MIXTE, PARFUMS LATTAFA > PARFUMS MIXTE LATTAFA",,,https://www.frenchavenue.fr/wp-content/uploads/2023/12/1000029282-1-jpg.webp,,,,,,,,,0,3000000018040.0,
1805,simple,2071317776580.0,,Yeah – Maison Alhambra,1,0,visible,"<h1><span style=""font-size: 75%;""><strong>Yeah – Maison Alhambra | L’audace d’une fragrance moderne</strong></span></h1>\n<em>Un parfum vibrant et sophistiqué qui célèbre la jeunesse et la liberté.</em>\n\nYeah – Maison Alhambra est un parfum mixte frais et floral, parfait pour affirmer votre personnalité avec élégance. Disponible sur FrenchAvenue.fr.","<div class=""markdown markdown-main-panel"" dir=""ltr"" style=""--animation-duration: 600ms; clear: none; columns: auto; cursor: auto; direction: ltr; filter: none; flex: 01auto; float: none; font: 16px/24px;"">\n<h1><span style=""font-size: 75%;""><strong>Yeah – Maison Alhambra | L’audace d’une fragrance moderne</strong></span></h1>\n<em>Un parfum vibrant et sophistiqué qui célèbre la jeunesse et la liberté.</em>\n\nYeah – Maison Alhambra est un parfum mixte frais et floral, parfait pour affirmer votre personnalité avec élégance. Disponible sur FrenchAvenue.fr.\n\n<hr />\n\n<h2><strong>Yeah – Une explosion de fraîcheur et d’énergie</strong></h2>\n<strong>Yeah – Maison Alhambra</strong> capture l’esprit libre et dynamique d’une génération audacieuse.\nCette fragrance mixte mêle fraîcheur éclatante et douceur florale, offrant une expérience olfactive pleine de vitalité et de caractère.\nUn parfum moderne qui accompagne chaque moment avec confiance et légèreté.\n\n<hr />\n\n<h2><strong>Une composition olfactive lumineuse</strong></h2>\n<h3><strong>Notes de tête</strong></h3>\nCitron, menthe, bergamote\nUn départ vif et rafraîchissant qui dynamise les sens.\n<h3><strong>Notes de cœur</strong></h3>\nJasmin, lavande, rose\nUn cœur floral délicat qui apporte douceur et équilibre.\n<h3><strong>Notes de fond</strong></h3>\nMusc blanc, bois de cèdre\nUn fond chaleureux et élégant, qui laisse un sillage raffiné.\n\n<hr />\n\n<h2><strong>Pourquoi choisir Yeah – Maison Alhambra ?</strong></h2>\n<ul>\n 	<li>Parfum mixte frais, floral et boisé</li>\n 	<li>Parfait pour les journées actives et les soirées décontractées</li>\n 	<li>Tenue durable avec un sillage léger et captivant</li>\n 	<li>Flacon au design contemporain, symbole de modernité</li>\n</ul>\n\n<hr />\n\n<h2><strong>Yeah – L’expression d’une personnalité affirmée</strong></h2>\nAvec <strong>Yeah – Maison Alhambra</strong>, affirmez votre style unique et votre esprit libre.\nCe parfum incarne la rencontre entre fraîcheur et sophistication, idéal pour ceux qui veulent se démarquer avec élégance et audace.\n\n<hr />\n\n<h2><strong>Commandez Yeah – Maison Alhambra sur FrenchAvenue.fr</strong></h2>\nRetrouvez dès maintenant <strong>Yeah – Maison Alhambra</strong> sur <em>FrenchAvenue.fr</em> et profitez d’une livraison rapide ainsi que d’un service client attentif pour un achat en toute confiance.\n\n</div>",,,none,taux-zero,1,,,0,0,750.0,,,,0,,,35,"PARFUMS ALHAMBRA, PARFUMS HOMME ALHAMBRA",,,https://www.frenchavenue.fr/wp-content/uploads/2023/12/1000029303-1-jpg.webp,,,,,,,,,0,3000000018057.0,
1806,simple,2057934621113.0,,Maahir Lattafa- eau de toilette -100ml,1,0,visible,"Les notes de tête sont Fruits rouges, Pêche et Bergamote;\n\nles notes de coeur sont Jasmin, Pivoine et Lys rouge;\n\nles notes de fond sont Bois de santal, Fleur de vanille et Musc..","<b>Maahir</b> Lattafa est un parfum Ambre Floral pour homme et femme. <b>Maahir</b> a été lancé en 2020. Les notes de tête sont Fruits rouges, Pêche et Bergamote; les notes de coeur sont Jasmin, Pivoine et Lys rouge; les notes de fond sont Bois de santal, Fleur de vanille et Musc.",,,none,taux-zero,1,2.0,,0,0,750.0,,,,0,,,35,"PARFUMS LATTAFA > PARFUMS FEMME LATTAFA, PARFUMS LATTAFA > PARFUMS HOMME LATTAFA, PARFUMS LATTAFA, PARFUMS MIXTE, PARFUMS LATTAFA > PARFUMS MIXTE LATTAFA",,,https://www.frenchavenue.fr/wp-content/uploads/2023/12/Maahir-Lattafa-1-jpeg.webp,,,,,,,,,0,3000000018064.0,
1807,simple,2060706612325.0,,Confidential Platinum Lattafa,1,0,visible,"<h1><span style=""font-size: 75%;""><strong>Confidential Platinum – Lattafa | L’excellence d’un parfum précieux</strong></span></h1>\n<em>Une fragrance raffinée et moderne qui allie puissance et sophistication.</em>\n\nConfidential Platinum – Lattafa est un parfum mixte aux notes fraîches, boisées et ambrées. Découvrez cette fragrance élégante et intemporelle sur FrenchAvenue.fr.","<h1><span style=""font-size: 75%;""><strong>Confidential Platinum – Lattafa | L’excellence d’un parfum précieux</strong></span></h1>\n<em>Une fragrance raffinée et moderne qui allie puissance et sophistication.</em>\n\nConfidential Platinum – Lattafa est un parfum mixte aux notes fraîches, boisées et ambrées. Découvrez cette fragrance élégante et intemporelle sur FrenchAvenue.fr.\n\n<hr />\n\n<h2><strong>Confidential Platinum – Une signature olfactive rare et précieuse</strong></h2>\n<strong>Confidential Platinum – Lattafa</strong> incarne l’exclusivité et la noblesse à travers une composition équilibrée et sophistiquée.\nCette fragrance mixte séduit par sa fraîcheur initiale, son cœur riche et son sillage profond, offrant une expérience olfactive unique et durable.\nParfait pour ceux qui cherchent un parfum élégant, moderne et distinctif.\n\n<hr />\n\n<h2><strong>Une composition olfactive harmonieuse</strong></h2>\n<h3><strong>Notes de tête</strong></h3>\nAgrumes, menthe fraîche\nUn départ vif et rafraîchissant qui éveille les sens.\n<h3><strong>Notes de cœur</strong></h3>\nLavande, jasmin\nUn cœur floral subtil qui apporte élégance et douceur.\n<h3><strong>Notes de fond</strong></h3>\nBois de cèdre, ambre gris, musc\nUn fond chaleureux et boisé qui offre profondeur et longévité à la fragrance.\n\n<hr />\n\n<h2><strong>Pourquoi choisir Confidential Platinum – Lattafa ?</strong></h2>\n<ul>\n 	<li>Parfum mixte frais, boisé et ambré</li>\n 	<li>Élégance moderne et tenue longue durée</li>\n 	<li>Flacon sophistiqué, parfait pour une collection raffinée</li>\n 	<li>Idéal pour toutes les occasions, du quotidien aux soirées</li>\n</ul>\n\n<hr />\n\n<h2><strong>Confidential Platinum – Une fragrance d’exception</strong></h2>\nAvec <strong>Confidential Platinum</strong>, affirmez votre style avec une signature olfactive à la fois puissante et délicate.\nCe parfum s’adresse aux amateurs de fragrances contemporaines, qui souhaitent allier fraîcheur et profondeur dans un équilibre parfait.\n\n<hr />\n\n<h2><strong>Commandez Confidential Platinum – Lattafa sur FrenchAvenue.fr</strong></h2>\nDécouvrez dès aujourd’hui <strong>Confidential Platinum – Lattafa</strong> sur <em>FrenchAvenue.fr</em> et profitez d’une livraison rapide ainsi que d’un service client dédié pour un achat serein.",,,none,taux-zero,1,,,0,0,750.0,,,,0,,,35,"PARFUMS LATTAFA > PARFUMS FEMME LATTAFA, PARFUMS LATTAFA > PARFUMS HOMME LATTAFA, PARFUMS LATTAFA, PARFUMS LATTAFA > PARFUMS MIXTE LATTAFA",,,https://www.frenchavenue.fr/wp-content/uploads/2024/01/Confidential-Platinum.jpg,,,,,,,,,0,3000000018071.0,
1809,simple,2091898237775.0,,Asad Lattafa100 ml Eau de Parfum,1,0,visible,"<h1><span style=""font-size: 75%;""><strong>Asad – Lattafa | La puissance noble d’un parfum oriental</strong></span></h1>\n<em>Un parfum captivant et raffiné qui incarne la force et l’élégance.</em>\n\nAsad – Lattafa est un parfum oriental intense aux notes boisées, épicées et musquées. Découvrez cette fragrance puissante et sophistiquée sur FrenchAvenue.fr.","<div class=""markdown markdown-main-panel"" dir=""ltr"" style=""--animation-duration: 600ms; clear: none; columns: auto; cursor: auto; direction: ltr; filter: none; flex: 01auto; float: none; font: 16px/24px;"">\n<h1><span style=""font-size: 75%;""><strong>Asad – Lattafa | La puissance noble d’un parfum oriental</strong></span></h1>\n<em>Un parfum captivant et raffiné qui incarne la force et l’élégance.</em>\n\nAsad – Lattafa est un parfum oriental intense aux notes boisées, épicées et musquées. Découvrez cette fragrance puissante et sophistiquée sur FrenchAvenue.fr.\n\n<hr />\n\n<h2><strong>Asad – Une signature olfactive au cœur de l’Orient</strong></h2>\n<strong>Asad – Lattafa</strong> évoque la majesté du lion, symbole de puissance et de noblesse.\nCette fragrance mixte se déploie avec force et raffinement, mêlant des accords boisés et épicés qui captivent les sens.\nUn parfum qui allie intensité et élégance, parfait pour ceux qui souhaitent affirmer leur présence avec distinction.\n\n<hr />\n\n<h2><strong>Une composition olfactive riche et équilibrée</strong></h2>\n<h3><strong>Notes de tête</strong></h3>\nCitron, cardamome\nUne ouverture fraîche et épicée qui stimule et invite à la découverte.\n<h3><strong>Notes de cœur</strong></h3>\nCèdre, safran\nLe cœur révèle une alliance chaleureuse et boisée, sublimée par la richesse du safran.\n<h3><strong>Notes de fond</strong></h3>\nAmbre, musc, bois de oud\nLe fond profond et sensuel offre une longue tenue et un sillage enveloppant.\n\n<hr />\n\n<h2><strong>Pourquoi choisir Asad – Lattafa ?</strong></h2>\n<ul>\n 	<li>Parfum oriental mixte, puissant et sophistiqué</li>\n 	<li>Idéal pour les soirées et occasions spéciales</li>\n 	<li>Tenue longue durée et sillage intense</li>\n 	<li>Flacon élégant, reflet de la noblesse du parfum</li>\n</ul>\n\n<hr />\n\n<h2><strong>Asad – L’expression olfactive de la force et du raffinement</strong></h2>\nAvec <strong>Asad</strong>, incarnez la puissance tranquille et l’élégance naturelle.\nCette fragrance se distingue par son équilibre parfait entre fraîcheur, chaleur et intensité boisée.\nUn choix idéal pour une signature olfactive marquante et sophistiquée.\n\n<hr />\n\n<h2><strong>Commandez Asad – Lattafa sur FrenchAvenue.fr</strong></h2>\nRetrouvez dès maintenant <strong>Asad – Lattafa</strong> sur <em>FrenchAvenue.fr</em> pour enrichir votre collection de parfums d’exception.\nProfitez d’une livraison rapide et d’un service client à votre écoute pour un achat en toute confiance.\n\n</div>",,,none,taux-zero,1,5.0,,notify,0,750.0,,,,1,,,35,"PARFUMS LATTAFA > PARFUMS FEMME LATTAFA, PARFUMS LATTAFA > PARFUMS HOMME LATTAFA, PARFUMS LATTAFA, PARFUMS LATTAFA > PARFUMS MIXTE LATTAFA",,,https://www.frenchavenue.fr/wp-content/uploads/2024/01/lattafa-parfum-asad.jpg,,,,,,,,,0,3000000018095.0,
1810,simple,2093660177913.0,,FAKHAR – WASAM de Lattafa -Mixte,1,0,visible,"<h1><span style=""font-size: 75%;""><strong>FAKHAR – WASAM de Lattafa | L’élégance mixte aux accents nobles</strong></span></h1>\n<em>Un parfum raffiné et équilibré qui incarne la fierté et la distinction.</em>\n\nFAKHAR – WASAM de Lattafa est un parfum mixte élégant aux notes boisées, florales et épicées. Découvrez cette fragrance unique sur FrenchAvenue.fr.","<h1><span style=""font-size: 75%;""><strong>FAKHAR – WASAM de Lattafa | L’élégance mixte aux accents nobles</strong></span></h1>\n<em>Un parfum raffiné et équilibré qui incarne la fierté et la distinction.</em>\n\nFAKHAR – WASAM de Lattafa est un parfum mixte élégant aux notes boisées, florales et épicées. Découvrez cette fragrance unique sur FrenchAvenue.fr.\n\n<hr />\n\n<h2><strong>FAKHAR – WASAM : Une symphonie olfactive pour tous</strong></h2>\n<strong>FAKHAR – WASAM de Lattafa</strong> s’impose comme une fragrance mixte d’exception, équilibrant avec finesse des notes boisées, épicées et florales.\nCe parfum révèle une élégance moderne, tout en célébrant la richesse des traditions orientales.\nIdéal pour ceux qui cherchent un parfum sophistiqué, capable d’accompagner toutes les occasions avec subtilité et assurance.\n\n<hr />\n\n<h2><strong>Une composition olfactive raffinée</strong></h2>\n<h3><strong>Notes de tête</strong></h3>\nBergamote, safran\nUn départ frais et épicé qui capte l’attention dès la première vaporisation.\n<h3><strong>Notes de cœur</strong></h3>\nRose, bois de oud\nLe cœur révèle la richesse florale et boisée, mêlant la douceur de la rose à l’intensité profonde du oud.\n<h3><strong>Notes de fond</strong></h3>\nCèdre, ambre, musc\nUn fond chaleureux et enveloppant, qui prolonge la tenue et l’impact de la fragrance.\n\n<hr />\n\n<h2><strong>Pourquoi choisir FAKHAR – WASAM de Lattafa ?</strong></h2>\n<ul>\n 	<li>Parfum mixte élégant, sophistiqué et intemporel</li>\n 	<li>Parfait pour un usage quotidien ou des occasions spéciales</li>\n 	<li>Tenue longue durée et sillage raffiné</li>\n 	<li>Flacon au design sobre et chic, reflet du caractère noble du parfum</li>\n</ul>\n\n<hr />\n\n<h2><strong>FAKHAR – WASAM, la fragrance de la fierté et du raffinement</strong></h2>\nAvec <strong>FAKHAR – WASAM</strong>, chaque instant devient une occasion de se distinguer avec élégance.\nCette fragrance célèbre la dualité entre force et douceur, tradition et modernité.\nUn choix parfait pour une signature olfactive qui affirme la personnalité avec subtilité.\n\n<hr />\n\n<h2><strong>Commandez FAKHAR – WASAM de Lattafa sur FrenchAvenue.fr</strong></h2>\nDisponible dès maintenant sur <em>FrenchAvenue.fr</em>, <strong>FAKHAR – WASAM de Lattafa</strong> est prêt à enrichir votre collection de parfums raffinés.\nBénéficiez d’une livraison rapide et d’un service client dédié pour un achat en toute confiance.",,,none,taux-zero,1,,,0,0,750.0,,,,0,,,35,"PARFUMS LATTAFA > PARFUMS FEMME LATTAFA, PARFUMS LATTAFA > PARFUMS HOMME LATTAFA, PARFUMS LATTAFA, PARFUMS LATTAFA > PARFUMS MIXTE LATTAFA",,,https://www.frenchavenue.fr/wp-content/uploads/2024/01/527167d186647dc1dc14433967afc41c.jpg,,,,,,,,,0,3000000018101.0,
1811,simple,2014030552123.0,,Glacier Pour Homme 100ml EDP For Men,1,0,visible,"<p style=""margin: 0px0px10px; padding: 0px; font-size: 14px; line-height: 1.5em;"">La note de tête est Cardamome;</p>\n<p style=""margin: 0px0px10px; padding: 0px; font-size: 14px; line-height: 1.5em;"">les notes de coeur sont Lavande et Iris;</p>\n<p style=""margin: 0px0px10px; padding: 0px; font-size: 14px; line-height: 1.5em;"">les notes de fond sont Vanille, Notes orientales et Notes boisées.</p>","<p style=""margin: 0px0px10px; padding: 0px; font-size: 14px; line-height: 1.5em;""><strong style=""font-weight: 600; line-height: inherit;"">Maison Alhambra Parfume Glacier Pour Homme Eau de Parfum 100 ml</strong></p>\n<p style=""margin: 0px0px10px; padding: 0px; font-size: 14px; line-height: 1.5em;"">Un parfum oriental intense et boisé</p>\n<p style=""margin: 0px0px10px; padding: 0px; font-size: 14px; line-height: 1.5em;"">Il fait partie de la gamme des parfums emblématiques purement masculins</p>",,,none,taux-zero,0,,,0,0,750.0,,,,1,,"19,9",35,"PARFUMS ALHAMBRA, PARFUMS HOMME ALHAMBRA",,,https://www.frenchavenue.fr/wp-content/uploads/2024/01/Glacier-Pour-Homme.jpg,,,,,,,,,0,3000000018118.0,
1812,simple,2078850360351.0,,Grise Maison Alhambra | Eau De Parfum 100ml |,1,0,visible,"<h1><span style=""font-size: 75%;""><strong>Grise – Maison Alhambra | L’élégance intemporelle d’un parfum gris</strong></span></h1>\n<em>Une fragrance mystérieuse et raffinée qui joue sur les nuances subtiles de l’ombre et de la lumière.</em>\n\nGrise – Maison Alhambra est un parfum féminin sophistiqué aux notes poudrées, florales et boisées. Découvrez cette fragrance élégante sur FrenchAvenue.fr.","<div dir=""ltr"">\n<h1><span style=""font-size: 75%;""><strong>Grise – Maison Alhambra | L’élégance intemporelle d’un parfum gris</strong></span></h1>\n<em>Une fragrance mystérieuse et raffinée qui joue sur les nuances subtiles de l’ombre et de la lumière.</em>\n\nGrise – Maison Alhambra est un parfum féminin sophistiqué aux notes poudrées, florales et boisées. Découvrez cette fragrance élégante sur FrenchAvenue.fr.\n\n<hr />\n\n<h2><strong>Grise – Une invitation à la douceur et à la profondeur</strong></h2>\n<strong>Grise – Maison Alhambra</strong> incarne l’équilibre subtil entre délicatesse et intensité.\nCette fragrance féminine explore les nuances grises, symboles d’élégance discrète et de mystère raffiné.\nUne composition poudrée et florale qui séduit par sa douceur enveloppante et sa tenue longue durée.\n\n<hr />\n\n<h2><strong>Une composition olfactive délicate et harmonieuse</strong></h2>\n<h3><strong>Notes de tête</strong></h3>\nAmande, bergamote\nUn départ frais et gourmand qui caresse les sens avec légèreté.\n<h3><strong>Notes de cœur</strong></h3>\nIris, jasmin, violette\nLe cœur révèle un bouquet floral poudré, d’une élégance rare, qui enveloppe la peau de sa délicatesse.\n<h3><strong>Notes de fond</strong></h3>\nCèdre, musc blanc, ambre\nLe fond boisé et musqué offre profondeur et chaleur, prolongeant la douceur du parfum.\n\n<hr />\n\n<h2><strong>Pourquoi choisir Grise – Maison Alhambra ?</strong></h2>\n<ul>\n 	<li>Parfum féminin poudré, floral et boisé</li>\n 	<li>Élégance discrète et tenue longue durée</li>\n 	<li>Flacon sobre et chic, parfait pour une collection raffinée</li>\n 	<li>Idéal pour le quotidien ou les occasions spéciales</li>\n</ul>\n\n<hr />\n\n<h2><strong>Grise – Une fragrance pour les femmes de caractère</strong></h2>\n<strong>Grise – Maison Alhambra</strong> s’adresse à celles qui aiment la subtilité et la nuance.\nCe parfum révèle une féminité moderne, à la fois douce et affirmée, qui ne cherche pas à imposer mais à séduire avec élégance.\nUn choix parfait pour une signature olfactive raffinée et intemporelle.\n\n<hr />\n\n<h2><strong>Commandez Grise – Maison Alhambra sur FrenchAvenue.fr</strong></h2>\nDisponible dès maintenant sur <em>FrenchAvenue.fr</em>, <strong>Grise – Maison Alhambra</strong> est prêt à devenir votre parfum incontournable.\nProfitez d’une livraison rapide et d’un service client attentif pour un achat en toute sérénité.\n\n</div>",,,none,taux-zero,1,,,0,0,750.0,,,,1,,,35,"PARFUMS ALHAMBRA, PARFUMS ALHAMBRA > PARFUMS FEMME ALHAMBRA",,,https://www.frenchavenue.fr/wp-content/uploads/2024/01/maison-alhambra–grise-100ml_baytik.jpg,,,,,,,,,0,3000000018125.0,
1813,simple,2086898873801.0,,Yaqeen 100ml De ASDAAF,-1,0,visible,,"<div class=""markdown markdown-main-panel"" dir=""ltr"" style=""--animation-duration:600ms;clear:none;columns:auto;cursor:auto;direction:ltr;filter:none;flex:01auto;float:none;font:16px/24px""></div>",,,none,,1,1.0,,notify,0,750.0,,,,1,,,35,PARFUMS FEMME,,,https://www.frenchavenue.fr/wp-content/uploads/2023/12/1000029902-jpg.webp,,,,,,,,,0,3000000018132.0,
1814,simple,2044950410982.0,,Safwaan L’autre musk – Lattafa,1,0,visible,"<h1><span style=""font-size: 75%;""><strong>Safwaan L’autre Musk – Lattafa | L’essence mystérieuse du musc revisité</strong></span></h1>\n<em>Un parfum musqué, raffiné et enveloppant qui révèle une élégance intemporelle.</em>\n\nSafwaan L’autre Musk – Lattafa est un parfum musqué intense aux notes sensuelles et boisées. Découvrez cette fragrance élégante et captivante sur FrenchAvenue.fr.","<h1><span style=""font-size: 75%;""><strong>Safwaan L’autre Musk – Lattafa | L’essence mystérieuse du musc revisité</strong></span></h1>\n<em>Un parfum musqué, raffiné et enveloppant qui révèle une élégance intemporelle.</em>\n\nSafwaan L’autre Musk – Lattafa est un parfum musqué intense aux notes sensuelles et boisées. Découvrez cette fragrance élégante et captivante sur FrenchAvenue.fr.\n\n<hr />\n\n<h2><strong>Safwaan L’autre Musk – L’élégance secrète d’un musc moderne</strong></h2>\n<strong>Safwaan L’autre Musk – Lattafa</strong> offre une nouvelle interprétation du musc, à la fois sensuelle et sophistiquée.\nCe parfum mixte enveloppe la peau d’une douceur mystérieuse, où la chaleur du musc se mêle à des accents boisés et légèrement floraux.\nIl incarne la subtilité et la puissance, parfait pour celles et ceux qui recherchent une signature olfactive discrète mais marquante.\n\n<hr />\n\n<h2><strong>Une composition olfactive délicate et profonde</strong></h2>\n<h3><strong>Notes de tête</strong></h3>\nBergamote, lavande\nUne ouverture fraîche et lumineuse qui invite à la douceur et à la légèreté.\n<h3><strong>Notes de cœur</strong></h3>\nMusc blanc, jasmin\nLe cœur révèle la richesse du musc blanc, adouci par la finesse du jasmin, pour une harmonie parfaite.\n<h3><strong>Notes de fond</strong></h3>\nBois de cèdre, ambre gris\nLe fond boisé et ambré confère une tenue durable et une profondeur chaleureuse au parfum.\n\n<hr />\n\n<h2><strong>Pourquoi choisir Safwaan L’autre Musk – Lattafa ?</strong></h2>\n<ul>\n 	<li>Parfum mixte musqué, élégant et enveloppant</li>\n 	<li>Idéal pour un usage quotidien ou des moments intimes</li>\n 	<li>Parfum doux, sophistiqué et durable</li>\n 	<li>Flacon sobre et élégant, reflet de la fragrance</li>\n</ul>\n\n<hr />\n\n<h2><strong>Safwaan L’autre Musk – Une signature discrète et raffinée</strong></h2>\n<strong>Safwaan L’autre Musk</strong> s’adresse à ceux qui préfèrent une fragrance discrète mais persistante, une empreinte olfactive qui charme sans en faire trop.\nIl sublime la peau tout en respectant la personnalité de chacun, avec un équilibre parfait entre fraîcheur, douceur et profondeur.\n\n<hr />\n\n<h2><strong>Commandez Safwaan L’autre Musk sur FrenchAvenue.fr</strong></h2>\nRetrouvez dès maintenant <strong>Safwaan L’autre Musk – Lattafa</strong> sur <em>FrenchAvenue.fr</em> pour une expérience parfumée unique.\nLivraison rapide et service client attentif pour un achat en toute confiance.",,,none,taux-zero,1,2.0,,notify,0,750.0,,,,1,,,35,"PARFUMS FEMME, PARFUMS LATTAFA > PARFUMS FEMME LATTAFA, PARFUMS HOMME, PARFUMS LATTAFA > PARFUMS HOMME LATTAFA, PARFUMS LATTAFA, PARFUMS MIXTE, PARFUMS LATTAFA > PARFUMS MIXTE LATTAFA",,,https://www.frenchavenue.fr/wp-content/uploads/2023/12/1000029898-1-jpg.webp,,,,,,,,,0,3000000018149.0,
1815,simple,2036576457694.0,,Badee Parfum Lattafa,1,0,visible,"<h1><span style=""font-size: 75%;""><strong>Badee – Parfum Lattafa | L’élégance orientale réinventée</strong></span></h1>\n<em>Un parfum sensuel et captivant qui révèle la richesse des essences orientales.</em>\n\nBadee – Parfum Lattafa est une fragrance orientale aux notes florales, boisées et ambrées. Découvrez ce parfum intense et raffiné sur FrenchAvenue.fr.","<h1><span style=""font-size: 75%;""><strong>Badee – Parfum Lattafa | L’élégance orientale réinventée</strong></span></h1>\n<em>Un parfum sensuel et captivant qui révèle la richesse des essences orientales.</em>\n\nBadee – Parfum Lattafa est une fragrance orientale aux notes florales, boisées et ambrées. Découvrez ce parfum intense et raffiné sur FrenchAvenue.fr.\n\n<hr />\n\n<h2><strong>Badee – Une invitation à un voyage olfactif au cœur de l’Orient</strong></h2>\n<strong>Badee – Parfum Lattafa</strong> incarne la beauté profonde et mystérieuse de l’Orient, mêlant douceur et intensité.\nCette fragrance unisexe évoque des paysages aux senteurs exotiques, où les notes florales se marient aux accents chauds des bois précieux.\nUn parfum enveloppant et raffiné, parfait pour ceux qui souhaitent laisser une empreinte élégante et durable.\n\n<hr />\n\n<h2><strong>Une composition olfactive riche et harmonieuse</strong></h2>\n<h3><strong>Notes de tête</strong></h3>\nFleur d’oranger, bergamote\nUne ouverture fraîche et lumineuse qui capte l’attention avec subtilité.\n<h3><strong>Notes de cœur</strong></h3>\nRose, jasmin, oud\nLe cœur floral et boisé dévoile la richesse du oud, adoucie par un bouquet floral intense.\n<h3><strong>Notes de fond</strong></h3>\nAmbre, musc, bois de santal\nLe fond chaud et sensuel offre une profondeur enveloppante et une longue tenue.\n\n<hr />\n\n<h2><strong>Pourquoi choisir Badee – Parfum Lattafa ?</strong></h2>\n<ul>\n 	<li>Parfum oriental mixte, sensuel et sophistiqué</li>\n 	<li>Parfait pour les soirées et occasions spéciales</li>\n 	<li>Tenue longue durée et sillage captivant</li>\n 	<li>Flacon élégant reflétant la noblesse de la fragrance</li>\n</ul>\n\n<hr />\n\n<h2><strong>Badee – L’essence d’une élégance intemporelle</strong></h2>\n<strong>Badee</strong> est bien plus qu’un parfum : c’est une signature olfactive qui évoque le raffinement et la passion.\nIl accompagne avec grâce chaque moment important, révélant une personnalité riche et affirmée.\nUne fragrance qui parle à ceux qui aiment l’art du parfum dans sa dimension la plus noble.\n\n<hr />\n\n<h2><strong>Commandez Badee – Parfum Lattafa sur FrenchAvenue.fr</strong></h2>\nDécouvrez dès aujourd’hui <strong>Badee – Parfum Lattafa</strong> sur <em>FrenchAvenue.fr</em>, votre adresse pour les parfums d’exception.\nProfitez d’une livraison rapide et d’un service client dédié pour une expérience d’achat parfaite.",,,none,taux-zero,1,3.0,,notify,0,750.0,,,,1,,,35,"PARFUMS LATTAFA > PARFUMS FEMME LATTAFA, PARFUMS LATTAFA > PARFUMS HOMME LATTAFA, PARFUMS LATTAFA, PARFUMS LATTAFA > PARFUMS MIXTE LATTAFA",,,https://www.frenchavenue.fr/wp-content/uploads/2023/12/1000030330-jpg.webp,,,,,,,,,0,3000000018156.0,
1816,simple,2037639410748.0,,Oud mood Maison lattafa  AL Zaafran,1,0,visible,"<p style=""margin: 0px0px10px; padding: 0px; font-size: 14px; line-height: 1.5em;""><strong style=""font-weight: 600; line-height: inherit;"">Quantité</strong> <strong style=""font-weight: 600; line-height: inherit;"">:</strong> 100 ml d’eau parfumée 3.4 FL. OZ.</p>\n<p style=""margin: 0px0px10px; padding: 0px; font-size: 14px; line-height: 1.5em;"">Notes de tête : noix de muscade, cannelle, safran</p>\n<p style=""margin: 0px0px10px; padding: 0px; font-size: 14px; line-height: 1.5em;"">Notes de cœur : bois de santal, oud, notes de cuir</p>\n<p style=""margin: 0px0px10px; padding: 0px; font-size: 14px; line-height: 1.5em;"">Notes de fond : ambre gris, vanille</p>","<p style=""margin: 0px0px10px; padding: 0px; font-size: 14px; line-height: 1.5em;""><strong style=""font-weight: 600; line-height: inherit;"">Lattafa Parfum Oud Mood Elixir Eau de Parfum 100ml</strong></p>\n<p style=""margin: 0px0px10px; padding: 0px; font-size: 14px; line-height: 1.5em;""><strong style=""font-weight: 600; line-height: inherit;"">OUD</strong> <strong style=""font-weight: 600; line-height: inherit;"">MOOD Elixir</strong> oriental <strong style=""font-weight: 600; line-height: inherit;"">arabe unisexe</strong> parfum créé en 2019 <strong style=""font-weight: 600; line-height: inherit;"">LATTAFA</strong>, l’une des entreprises les plus respectées produisant des parfums et des cosmétiques aux <strong style=""font-weight: 600; line-height: inherit;"">Émirats arabes unis</strong>. LATTAFA est également propriétaire des marques <strong style=""font-weight: 600; line-height: inherit;"">VURV, RAVE, ASDAAF, AL RAHEEB</strong>.</p>\n<p style=""margin: 0px0px10px; padding: 0px; font-size: 14px; line-height: 1.5em;"">Un parfum absolument obligatoire pour les amateurs de parfums boisés et audacieux.</p>",,,none,taux-zero,1,,,0,0,750.0,,,,1,,,35,"PARFUMS FEMME, PARFUMS LATTAFA > PARFUMS FEMME LATTAFA, PARFUMS HOMME, PARFUMS LATTAFA > PARFUMS HOMME LATTAFA, PARFUMS LATTAFA, PARFUMS MIXTE, PARFUMS LATTAFA > PARFUMS MIXTE LATTAFA",,,https://www.frenchavenue.fr/wp-content/uploads/2023/12/28-removebg-preview.png,,,,,,,,,0,3000000018163.0,
1817,simple,2030076311180.0,,Velvet Oud – Lattafa Parfum,1,0,visible,"<ul>\n 	<li>Notes de Tête : Encens\nNotes de Cœur : Musc\nNotes de Fond : Oud, Ambre</li>\n</ul>","<p style=""margin: 0px0px10px; padding: 0px; font-size: 14px; line-height: 1.5em;"">Velvet Oud – Lattafa Parfum</p>\n<p style=""margin: 0px0px10px; padding: 0px; font-size: 14px; line-height: 1.5em;"">Description du produit : Parfum féminin aux notes fleuries, musc, notes boisées, vanille, notes poudrées.</p>",,,none,taux-zero,1,3.0,,notify,0,750.0,,,,1,,,35,"PARFUMS FEMME, PARFUMS LATTAFA > PARFUMS FEMME LATTAFA, PARFUMS HOMME, PARFUMS LATTAFA > PARFUMS HOMME LATTAFA, PARFUMS LATTAFA, PARFUMS MIXTE, PARFUMS LATTAFA > PARFUMS MIXTE LATTAFA",,,https://www.frenchavenue.fr/wp-content/uploads/2023/12/1000029886-1-jpg.webp,,,,,,,,,0,3000000018170.0,
1818,simple,2016303662508.0,,I am white Ana Abiyedh 60ml – Lattafa,1,0,visible,"<p style=""margin: 0px0px10px; padding: 0px; font-size: 14px; line-height: 1.5em;"">Notes de tête : Jasmin, Rose, Fleur d’oranger\nNotes de coeur : Mosc\nNotes de fond : Coumar / Fève de tonka, Vanille, Cèdre, Vétiver, Patchouli</p>","<p style=""margin: 0px0px10px; padding: 0px; font-size: 14px; line-height: 1.5em;""><strong style=""font-weight: 600; line-height: inherit;"">Lattafa Parfum Ana Abiyedh Poudree Eau de Parfum 60ml</strong></p>\n<p style=""margin: 0px0px10px; padding: 0px; font-size: 14px; line-height: 1.5em;"">Description du produit : Parfum féminin aux notes fleuries, musc, notes boisées, vanille, notes poudrées.</p>",,,none,taux-zero,1,2.0,,notify,0,750.0,,,,1,,,35,"PARFUMS FEMME, PARFUMS LATTAFA > PARFUMS FEMME LATTAFA, PARFUMS LATTAFA",,,"https://www.frenchavenue.fr/wp-content/uploads/2023/12/1000030415-jpg.webp, https://www.frenchavenue.fr/wp-content/uploads/2023/12/1000029880-jpg.webp",,,,,,,,,0,3000000018187.0,
1819,simple,2012146765642.0,,Eau de parfum Safwaan ( 100ml –L’autre oud) Lattafa,1,0,visible,"<p style=""margin: 0px0px20px; padding: 0px; border: 0px; font-style: normal; font-weight: 400; line-height: inherit; font-family: Hind,Arial,Helvetica,sans-serif; font-size: 14px; vertical-align: baseline; letter-spacing: normal; text-transform: none; text-align: left;""><strong style=""font-weight: bold; margin: 0px; padding: 0px; border: 0px; font-style: inherit; font-variant: inherit; line-height: inherit; font-family: inherit; font-size: 14px; vertical-align: baseline;"">Notes olfactives :</strong></p>\n<p style=""margin: 0px0px20px; padding: 0px; border: 0px; font-style: normal; font-weight: 400; line-height: inherit; font-family: Hind,Arial,Helvetica,sans-serif; font-size: 14px; vertical-align: baseline; letter-spacing: normal; text-transform: none; text-align: left;""><strong style=""font-weight: bold; margin: 0px; padding: 0px; border: 0px; font-style: inherit; font-variant: inherit; line-height: inherit; font-family: inherit; font-size: 14px; vertical-align: baseline;"">Notes de Tête</strong> : Safran, Oliban, Rose</p>\n<strong style=""font-weight: bold; margin: 0px; padding: 0px; border: 0px; font-style: inherit; font-variant: inherit; line-height: inherit; font-family: inherit; font-size: 14px; vertical-align: baseline;"">Notes de Cœur</strong> : Ambre, Notes Epicées\n\n<strong style=""font-weight: bold; margin: 0px; padding: 0px; border: 0px; font-style: inherit; font-variant: inherit; line-height: inherit; font-family: inherit; font-size: 14px; vertical-align: baseline;"">Notes de Fond</strong> : Oud, Notes Boisées","<div class=""markdown markdown-main-panel"" dir=""ltr"" style=""--animation-duration: 600ms; clear: none; columns: auto; cursor: auto; direction: ltr; filter: none; flex: 01auto; float: none; font: 16px/24px;"">Eau de parfum Safwaan ( 100ml –L’autre oud) Lattafa</div>",,,none,taux-zero,1,2.0,,notify,0,750.0,,,,1,,,35,"PARFUMS ALHAMBRA, PARFUMS FEMME, PARFUMS LATTAFA > PARFUMS FEMME LATTAFA, PARFUMS HOMME, PARFUMS LATTAFA > PARFUMS HOMME LATTAFA, PARFUMS LATTAFA, PARFUMS MIXTE, PARFUMS LATTAFA > PARFUMS MIXTE LATTAFA",,,https://www.frenchavenue.fr/wp-content/uploads/2023/12/1-1-jpg.webp,,,,,,,,,0,3000000018194.0,
1820,simple,2033496176216.0,,MY ROSE Sublime eau de parfum 100ml,-1,0,visible,"<strong style=""font-weight: bold;font-family: inherit;font-style: inherit;font-variant: inherit;letter-spacing: normal;text-align: center;text-indent: 0px;text-transform: none;margin: 0px;padding: 0px;border: 0px;line-height: inherit;font-size: 13px;vertical-align: baseline"">                              Notes</strong><span style=""font-family:Rufina,sans-serif;font-size:16px;font-style:normal;letter-spacing:normal;text-transform:none;margin:0px;padding:0px;border:0px;font-weight:300;line-height:inherit;text-align:center""><span><strong style=""font-weight: bold;font-family: inherit;font-style: inherit;font-variant: inherit;letter-spacing: normal;text-align: center;text-indent: 0px;text-transform: none;margin: 0px;padding: 0px;border: 0px;line-height: inherit;font-size: 13px;vertical-align: baseline""> </strong></span><strong style=""font-weight: bold;font-family: inherit;font-style: inherit;font-variant: inherit;letter-spacing: normal;text-align: center;text-indent: 0px;text-transform: none;margin: 0px;padding: 0px;border: 0px;line-height: inherit;font-size: 13px;vertical-align: baseline"">olfac</strong>tive</span>\n\n\n<span style=""font-family:Rufina,sans-serif;font-size:16px;font-style:normal;font-weight:400;letter-spacing:normal;text-transform:none;float:none;text-align:center"">Note de tête:<span> </span></span><span style=""font-family:Rufina,sans-serif;font-size:16px;font-style:normal;letter-spacing:normal;text-transform:none;margin:0px;padding:0px;border:0px;font-weight:300;line-height:inherit;text-align:center"">Mandarine Verte</span>\n\n<span style=""font-family:Rufina,sans-serif;font-size:16px;font-style:normal;font-weight:400;letter-spacing:normal;text-transform:none;float:none;text-align:center"">Note de coeur:<span> </span></span><span style=""font-family:Rufina,sans-serif;font-size:16px;font-style:normal;letter-spacing:normal;text-transform:none;margin:0px;padding:0px;border:0px;font-weight:300;line-height:inherit;text-align:center"">Tubéreuse &amp; Néroli</span>\n\n<span style=""font-family:Rufina,sans-serif;font-size:16px;font-style:normal;font-weight:400;letter-spacing:normal;text-transform:none;float:none;text-align:center"">Note de fond:<span> </span></span><span style=""font-family:Rufina,sans-serif;font-size:16px;font-style:normal;letter-spacing:normal;text-transform:none;margin:0px;padding:0px;border:0px;font-weight:300;line-height:inherit;text-align:center"">Vanille &amp; Muscs blancs</span>","<div class=""markdown markdown-main-panel"" dir=""ltr"" style=""--animation-duration:600ms;clear:none;columns:auto;cursor:auto;direction:ltr;filter:none;flex:01auto;float:none;font:16px/24px""></div>",,,none,,1,,,0,0,750.0,,,,1,,,35,"PARFUMS FEMME, PARFUMS LATTAFA > PARFUMS FEMME LATTAFA, PARFUMS LATTAFA",,,https://www.frenchavenue.fr/wp-content/uploads/2023/12/1000029878-1-jpg.webp,,,,,,,,,0,3000000018200.0,
1821,simple,2094592980992.0,,TOSCANO LEATHER  Alhambra,1,0,visible,"<h1><span style=""font-size: 75%;""><strong>Toscano Leather – Maison Alhambra | L’élégance du cuir à l’italienne</strong></span></h1>\n<em>Un hommage audacieux et raffiné à la noblesse des matières et au charme toscan.</em>\n\nToscano Leather – Maison Alhambra est une eau de parfum cuirée, boisée et luxueuse, inspirée du charme italien. Une fragrance mixte intense, chaleureuse et élégante. Disponible sur FrenchAvenue.fr.","<h1><span style=""font-size: 75%;""><strong>Toscano Leather – Maison Alhambra | L’élégance du cuir à l’italienne</strong></span></h1>\n<em>Un hommage audacieux et raffiné à la noblesse des matières et au charme toscan.</em>\n\nToscano Leather – Maison Alhambra est une eau de parfum cuirée, boisée et luxueuse, inspirée du charme italien. Une fragrance mixte intense, chaleureuse et élégante. Disponible sur FrenchAvenue.fr.\n\n<hr />\n\n<h2><strong>Toscano Leather – Une signature olfactive de caractère</strong></h2>\nAvec <strong>Toscano Leather – Maison Alhambra</strong>, c’est toute l’âme de la Toscane qui se révèle dans un sillage chaud, profond et envoûtant.\nCe parfum cuiré de caractère évoque les paysages vallonnés baignés de soleil, les ateliers de maroquinerie artisanale et l’élégance à l’italienne.\nRiche et noble, <strong>Toscano Leather</strong> se distingue par son intensité maîtrisée, mêlant cuir sensuel, notes boisées et touches orientales pour une fragrance inoubliable.\n\n<hr />\n\n<h2><strong>Pyramide olfactive – L’art du cuir sublimé</strong></h2>\nBien que la formulation exacte soit protégée, <strong>Toscano Leather – Maison Alhambra</strong> s’inspire d’une architecture olfactive classique et puissante, associée aux plus grands parfums cuirés.\n<h3><strong>Notes de tête</strong></h3>\n<strong>Framboise, safran, thym</strong>\nUne ouverture vibrante et épicée qui installe la tension entre douceur fruitée et puissance aromatique.\n<h3><strong>Notes de cœur</strong></h3>\n<strong>Jasmin, encens, cuir noir</strong>\nLe cœur dévoile toute la richesse du cuir, magnifié par des fleurs blanches et des résines envoûtantes.\n<h3><strong>Notes de fond</strong></h3>\n<strong>Bois ambrés, daim, notes fumées</strong>\nUne base chaude et sensuelle, profonde et persistante, qui habille la peau comme un cuir seconde peau.\n\n<hr />\n\n<h2><strong>Les raisons de choisir Toscano Leather – Maison Alhambra</strong></h2>\n<ul>\n 	<li><strong>Eau de parfum mixte</strong> à forte personnalité</li>\n 	<li>Parfum parfait pour l’automne-hiver, soirées ou rendez-vous élégants</li>\n 	<li><strong>Longue tenue</strong> et projection maîtrisée</li>\n 	<li><strong>Inspiration niche</strong> à prix accessible</li>\n 	<li>Présentation luxueuse en flacon 100 ml</li>\n</ul>\n\n<hr />\n\n<h2><strong>Pour qui est Toscano Leather ?</strong></h2>\n<strong>Toscano Leather – Maison Alhambra</strong> s’adresse à ceux qui cherchent un parfum affirmé, luxueux et distinctif.\nParfait pour l’amateur de fragrances orientales, boisées et cuirées, ce parfum séduit par son intensité et son élégance brute.\nIdéal pour celles et ceux qui souhaitent affirmer une présence puissante, sans dire un mot.\n\n<hr />\n\n<h2><strong>Commandez Toscano Leather sur FrenchAvenue.fr</strong></h2>\nPlongez dans l’univers noble et racé de <strong>Toscano Leather – Maison Alhambra</strong>.\nDisponible dès maintenant sur <em>FrenchAvenue.fr</em> : une sélection exigeante de parfums de caractère, un service rapide et fiable, et des fragrances originales à découvrir absolument.",,,none,taux-zero,1,14.0,,notify,0,750.0,,,,1,,,35,"PARFUMS ALHAMBRA, PARFUMS ALHAMBRA > PARFUMS FEMME ALHAMBRA, PARFUMS HOMME ALHAMBRA, PARFUMS MIXTE, PARFUMS ALHAMBRA > PARFUMS MIXTE ALHAMBRA",,,https://www.frenchavenue.fr/wp-content/uploads/2023/12/TOSCANO-jpg.webp,,,,,,,,,0,3000000018217.0,
1822,simple,2033058940125.0,,Matière – Jean Lowe,1,0,visible,"<h1><span style=""font-size: 75%;""><strong>Matière – Jean Lowe | L’essence pure de la sophistication</strong></span></h1>\n<em>Une fragrance noble et texturée, comme une toile olfactive où s’écrit l’élégance.</em>\n\nDécouvrez Matière – Jean Lowe, une eau de parfum unisexe à l’allure noble et contemporaine. Une composition boisée, ambrée et musquée, à la profondeur inégalée. Disponible sur FrenchAvenue.fr.","<h1><span style=""font-size: 75%;""><strong>Matière – Jean Lowe | L’essence pure de la sophistication</strong></span></h1>\n<em>Une fragrance noble et texturée, comme une toile olfactive où s’écrit l’élégance.</em>\n\nDécouvrez Matière – Jean Lowe, une eau de parfum unisexe à l’allure noble et contemporaine. Une composition boisée, ambrée et musquée, à la profondeur inégalée. Disponible sur FrenchAvenue.fr.\n\n<hr />\n\n<h2><strong>Matière – Jean Lowe : une création sensuelle, brute et sophistiquée</strong></h2>\n<strong>Matière – Jean Lowe</strong> est plus qu’un parfum.\nC’est une exploration sensorielle, une immersion dans la texture, la densité, la chaleur et l’ombre. Chaque vaporisation révèle une matière invisible, palpable par le nez et ressentie par l’âme.\nPensée comme une œuvre d’art, <strong>Matière</strong> capture la noblesse du bois, la rondeur des muscs et l’intensité des résines, pour une signature unique et inoubliable.\n\n<hr />\n\n<h2><strong>Une architecture olfactive dense et contrastée</strong></h2>\nInspirée par les parfums de niche les plus profonds, <strong>Matière Jean Lowe</strong> s’articule autour de matières premières de caractère, dans un équilibre entre sensualité et force.\n<h3><strong>Notes de tête</strong></h3>\n<strong>Élémi, poivre rose, bergamote</strong>\nUne ouverture vive et légèrement épicée qui intrigue dès les premières secondes.\n<h3><strong>Notes de cœur</strong></h3>\n<strong>Bois de santal, cèdre, encens</strong>\nUn cœur boisé et résineux, chaud et enveloppant, évoquant la profondeur d’un atelier d’ébénisterie noble.\n<h3><strong>Notes de fond</strong></h3>\n<strong>Musc blanc, ambroxan, vanille légère</strong>\nLe fond s’installe lentement sur la peau avec une sensualité durable, douce et mystérieuse.\n\n<hr />\n\n<h2><strong>Pourquoi choisir Matière – Jean Lowe ?</strong></h2>\n<ul>\n 	<li><strong>Eau de parfum mixte</strong>, intense et raffinée</li>\n 	<li>Fragrance <strong>longue tenue</strong>, idéale pour l’automne et l’hiver</li>\n 	<li>Parfum <strong>de niche accessible</strong>, avec une identité forte</li>\n 	<li>Flacon élégant de <strong>100 ml</strong>, sobre et luxueux</li>\n 	<li>Une <strong>alternative</strong> inspirée par les plus grands parfums boisés musqués</li>\n</ul>\n\n<hr />\n\n<h2><strong>À qui s’adresse Matière – Jean Lowe ?</strong></h2>\n<strong>Matière – Jean Lowe</strong> séduira les amateurs de parfums boisés, ambrés et texturés.\nConçue pour les esprits libres, artistes dans l’âme, ou les amoureux du détail, cette fragrance révèle une profondeur rare.\nC’est un parfum <strong>de peau</strong>, de présence, d’élégance discrète. Il accompagne aussi bien une tenue sophistiquée qu’un moment intime.\n\n<hr />\n\n<h2><strong>Disponible sur FrenchAvenue.fr</strong></h2>\nRedécouvrez la beauté d’un parfum travaillé comme une matière vivante avec <strong>Matière – Jean Lowe</strong>.\nCommandez dès maintenant sur <em>FrenchAvenue.fr</em> et laissez votre sillage devenir une œuvre à part entière.",,,none,taux-zero,1,5.0,,notify,0,750.0,,,,1,,,35,PARFUMS ALHAMBRA,,,https://www.frenchavenue.fr/wp-content/uploads/2023/12/1000029870-jpg.webp,,,,,,,,,0,3000000018224.0,
1823,simple,2097315611579.0,,alhambra-glacier-le-noir,1,0,visible,"<p style=""margin: 0px0px10px; padding: 0px; font-size: 14px; line-height: 1.5em;"">La note de tête est Cardamome;</p>\n<p style=""margin: 0px0px10px; padding: 0px; font-size: 14px; line-height: 1.5em;"">les notes de coeur sont Lavande et Iris;</p>\n<p style=""margin: 0px0px10px; padding: 0px; font-size: 14px; line-height: 1.5em;"">les notes de fond sont Vanille, Notes orientales et Notes boisées.</p>","<p style=""margin: 0px0px10px; padding: 0px; font-size: 14px; line-height: 1.5em;""><strong style=""font-weight: 600; line-height: inherit;"">Maison Alhambra Parfume Glacier Pour Homme Eau de Parfum 100 ml</strong></p>\n<p style=""margin: 0px0px10px; padding: 0px; font-size: 14px; line-height: 1.5em;"">Un parfum oriental intense et boisé</p>\n<p style=""margin: 0px0px10px; padding: 0px; font-size: 14px; line-height: 1.5em;"">Il fait partie de la gamme des parfums emblématiques purement masculins</p>\n<p style=""margin: 0px0px10px; padding: 0px; font-size: 14px; line-height: 1.5em;"">La note de tête est Cardamome;</p>\n<p style=""margin: 0px0px10px; padding: 0px; font-size: 14px; line-height: 1.5em;"">les notes de coeur sont Lavande et Iris;</p>\n<p style=""margin: 0px0px10px; padding: 0px; font-size: 14px; line-height: 1.5em;"">les notes de fond sont Vanille, Notes orientales et Notes boisées.</p>",,,none,taux-zero,0,,,0,0,750.0,,,,1,,,35,"PARFUMS ALHAMBRA, PARFUMS HOMME ALHAMBRA",,,https://www.frenchavenue.fr/wp-content/uploads/2023/11/GLACIER-LE-NOIR.jpeg,,,,,,,,,0,3000000018231.0,
1824,simple,2097758695938.0,,Eau de parfum Infini Oud 100ml – Maison Alhambra Mixte,1,0,visible,"<p style=""margin-bottom: 1.3em; margin-top: 0px; font-family: sans-serif; font-size: medium; font-style: normal; font-weight: 400; letter-spacing: normal; text-transform: none; text-align: left;""><strong style=""font-weight: bolder;"">Notes olfactives :</strong></p>\n<p style=""margin-bottom: 1.3em; margin-top: 0px; font-family: sans-serif; font-size: medium; font-style: normal; font-weight: 400; letter-spacing: normal; text-transform: none; text-align: left;""><strong style=""font-weight: bolder;"">Note de tête</strong> : Safran\n<strong style=""font-weight: bolder;"">Notes de cœur</strong> : Noix de muscade, Lavande\n<strong style=""font-weight: bolder;"">Notes de fond</strong> : Oud, Patchouli, Musc</p>",Maison Alhambra Parfum Infini Oud Eau de Parfum 100ml,,,none,taux-zero,0,,,0,0,750.0,,,,0,,,35,"PARFUMS ALHAMBRA, PARFUMS FEMME, PARFUMS ALHAMBRA > PARFUMS FEMME ALHAMBRA, PARFUMS HOMME ALHAMBRA, PARFUMS MIXTE, PARFUMS ALHAMBRA > PARFUMS MIXTE ALHAMBRA",,,https://www.frenchavenue.fr/wp-content/uploads/2023/12/27-removebg-preview.png,,,,,,,,,0,3000000018248.0,
1825,simple,2019604034715.0,,La vita Bella Maison Alhambra,1,0,visible,"<h1><span style=""font-size: 75%;""><strong>La Vita Bella – Maison Alhambra | L’éloge de la féminité rayonnante</strong></span></h1>\n<em>Un parfum lumineux, gourmand et délicatement floral, pour celles qui célèbrent la beauté de la vie.</em>\n\nLa Vita Bella – Maison Alhambra est une eau de parfum féminine, florale et gourmande. Une fragrance joyeuse et élégante, inspirée de l’art de vivre avec grâce. À découvrir sur FrenchAvenue.fr.","<h1><span style=""font-size: 75%;""><strong>La Vita Bella – Maison Alhambra | L’éloge de la féminité rayonnante</strong></span></h1>\n<em>Un parfum lumineux, gourmand et délicatement floral, pour celles qui célèbrent la beauté de la vie.</em>\n\nLa Vita Bella – Maison Alhambra est une eau de parfum féminine, florale et gourmande. Une fragrance joyeuse et élégante, inspirée de l’art de vivre avec grâce. À découvrir sur FrenchAvenue.fr.\n\n<hr />\n\n<h2><strong>La Vita Bella – L’art de vivre en parfum</strong></h2>\n<strong>La Vita Bella – Maison Alhambra</strong> est bien plus qu’un parfum : c’est un hommage à la joie, à la douceur, à l’optimisme.\nPensée pour les femmes qui aiment la vie et la savourent dans chaque instant, cette eau de parfum dévoile une composition florale et sucrée, enveloppée dans un halo de sensualité et de lumière.\nUne fragrance élégante et accessible, qui sublime la féminité avec naturel et éclat.\n\n<hr />\n\n<h2><strong>Une composition olfactive chaleureuse et gourmande</strong></h2>\n<h3><strong>Notes de tête</strong></h3>\nPoire, cassis\nUn départ fruité et juteux qui évoque la fraîcheur d’un sourire sincère.\n<h3><strong>Notes de cœur</strong></h3>\nFleur d’oranger, jasmin, iris\nUn cœur floral lumineux et poudré, révélant une féminité gracieuse et raffinée.\n<h3><strong>Notes de fond</strong></h3>\nPraliné, vanille, fève tonka, patchouli\nUn fond délicieusement gourmand, doux et enveloppant, qui laisse un sillage réconfortant et addictif.\n\n<hr />\n\n<h2><strong>Pourquoi choisir La Vita Bella – Maison Alhambra ?</strong></h2>\n<ul>\n 	<li>Parfum féminin floral gourmand, à la fois joyeux et raffiné</li>\n 	<li>Idéal pour le quotidien comme pour les moments d’exception</li>\n 	<li>Très bonne tenue sur la peau</li>\n 	<li>Flacon élégant, inspiré d’un design emblématique</li>\n</ul>\n\n<hr />\n\n<h2><strong>La Vita Bella – Un parfum comme un sourire</strong></h2>\n<strong>La Vita Bella</strong> est une déclaration de bonheur.\nC’est le parfum d’une femme libre, authentique et radieuse, qui choisit chaque jour de voir la beauté dans les détails.\nAvec sa composition parfaitement équilibrée, il enveloppe la peau d’un halo lumineux, à la fois tendre et affirmé.\n\n<hr />\n\n<h2><strong>Commandez La Vita Bella – Maison Alhambra sur FrenchAvenue.fr</strong></h2>\nDisponible dès maintenant sur <em>FrenchAvenue.fr</em>, <strong>La Vita Bella – Maison Alhambra</strong> vous invite à parfumer votre quotidien d’une touche de bonheur.\nProfitez de notre sélection haut de gamme, de la livraison rapide et d’un service client à votre écoute.",,,none,taux-zero,1,4.0,,notify,0,750.0,,,,1,,,35,"PARFUMS ALHAMBRA, PARFUMS FEMME, PARFUMS ALHAMBRA > PARFUMS FEMME ALHAMBRA",,,https://www.frenchavenue.fr/wp-content/uploads/2023/12/1000031009-jpg.webp,,,,,,,,,0,3000000018255.0,
1826,simple,2018791175485.0,,MINERVA Inspired by Memo Paris,1,0,visible,"MINERVA Inspired by Memo Paris\n\nType d’arôme: oriental, fruité.\nNotes de départ : bergamote, litchi, muscade, rhubarbe.\nNotes de cœur : muguet, pivoine, rose turque.\nNotes : vanille, bois, lavande, musc","<h1 class=""product_title entry-title"" style=""font-size: 23.101px; line-height: 1.13em; margin: 0px0px21px; padding: 0px;"">MINERVA Inspired by Memo Paris</h1>\n<p style=""margin: 0px0px10px; padding: 0px; font-size: 14px; line-height: 1.5em;"">Dès les premières notes, le parfum ravit par la fraîcheur printanière de la rhubarbe, complétée par des accents verts amers de bergamote, une douceur exotique et incomparable du litchi et des notes épicées de noix de muscade.</p>\n<p style=""margin: 0px0px10px; padding: 0px; font-size: 14px; line-height: 1.5em;"">La rose turque douce, parfumée et féminine entre au centre de la composition, entourée par les accords frais des délicats nénuphars de la vallée et de pivoine lumineuse.</p>\n<p style=""margin: 0px0px10px; padding: 0px; font-size: 14px; line-height: 1.5em;"">Le parfum des bois précieux avec des notes sensuelles de musc, d’encens et de vanille enveloppe la composition d’une trace chaleureuse et excitante qui célèbre une féminité</p>",,,none,taux-zero,1,6.0,,notify,0,750.0,,,,1,,,35,"PARFUMS ALHAMBRA, PARFUMS FEMME, PARFUMS ALHAMBRA > PARFUMS FEMME ALHAMBRA",,,https://www.frenchavenue.fr/wp-content/uploads/2023/12/1000030241-jpg.webp,,,,,,,,,0,3000000018262.0,
1827,simple,2034209336538.0,,Kismet for women Alhambra,1,0,visible,"<h1><span style=""font-size: 75%;""><strong>Kismet for Women – Maison Alhambra | Le destin d’un parfum envoûtant</strong></span></h1>\n<em>Une fragrance féminine, sensuelle et mystérieuse, qui laisse une empreinte inoubliable.</em>\n\nKismet for Women – Maison Alhambra est un parfum oriental et floral, au sillage profond et envoûtant. Une essence irrésistible à découvrir sur FrenchAvenue.fr.","<h1><span style=""font-size: 75%;""><strong>Kismet for Women – Maison Alhambra | Le destin d’un parfum envoûtant</strong></span></h1>\n<em>Une fragrance féminine, sensuelle et mystérieuse, qui laisse une empreinte inoubliable.</em>\n\nKismet for Women – Maison Alhambra est un parfum oriental et floral, au sillage profond et envoûtant. Une essence irrésistible à découvrir sur FrenchAvenue.fr.\n\n<hr />\n\n<h2><strong>Kismet for Women – Quand le parfum devient un destin</strong></h2>\n<strong>Kismet for Women – Maison Alhambra</strong> incarne la puissance du charme féminin et l’élégance d’un destin affirmé.\nInspirée par les femmes sûres d’elles, mystérieuses et raffinées, cette fragrance orientale s’épanouit dans un bouquet de sensualité et de profondeur.\nC’est un parfum de caractère, une signature olfactive qui ne laisse personne indifférent.\n\n<hr />\n\n<h2><strong>Une composition olfactive magnétique</strong></h2>\n<h3><strong>Notes de tête</strong></h3>\nRose, jasmin\nUne ouverture florale élégante, tout en douceur et en romantisme.\n<h3><strong>Notes de cœur</strong></h3>\nPatchouli, bois de santal\nUn cœur riche et enveloppant qui évoque la chaleur d’un regard intense.\n<h3><strong>Notes de fond</strong></h3>\nVanille, encens, ambre\nUn fond oriental, sucré et résineux, qui prolonge la sensualité du parfum jusqu’au bout de la nuit.\n\n<hr />\n\n<h2><strong>Pourquoi choisir Kismet for Women – Maison Alhambra ?</strong></h2>\n<ul>\n 	<li>Parfum oriental floral pour femme, intense et élégant</li>\n 	<li>Tenue longue durée et sillage voluptueux</li>\n 	<li>Idéal pour les soirées, événements, ou pour affirmer sa féminité au quotidien</li>\n 	<li>Flacon raffiné qui reflète l’essence de la fragrance</li>\n</ul>\n\n<hr />\n\n<h2><strong>Kismet for Women – Une aura irrésistible</strong></h2>\n<strong>Kismet for Women</strong> est plus qu’un parfum : c’est une promesse.\nLa promesse d’un moment inoubliable, d’une présence marquante, d’un charme mystérieux et assumé.\nPour celles qui ne laissent jamais le hasard décider à leur place.\n\n<hr />\n\n<h2><strong>Commandez Kismet for Women – Maison Alhambra sur FrenchAvenue.fr</strong></h2>\nDécouvrez <strong>Kismet for Women – Maison Alhambra</strong> sur <em>FrenchAvenue.fr</em> et laissez-vous séduire par un parfum d’exception.\nProfitez d’une livraison rapide et d’un service client de qualité pour une expérience olfactive unique.",,,none,taux-zero,1,2.0,,notify,0,750.0,,,,1,,,35,"PARFUMS ALHAMBRA, PARFUMS FEMME, PARFUMS ALHAMBRA > PARFUMS FEMME ALHAMBRA",,,https://www.frenchavenue.fr/wp-content/uploads/2023/12/1000029862-jpg.webp,,,,,,,,,0,3000000018279.0,
1828,simple,2048542332997.0,,Perseus Maison Alhambra,1,0,visible,"<p style=""border: 0px; margin: 24px0px20px; padding: 0px; vertical-align: baseline; font-family: Poppins; font-size: 17px; font-style: normal; font-weight: 500; letter-spacing: normal; text-transform: none; text-align: left;""><strong style=""background: 0px 0px; border: 0px; margin: 0px; padding: 0px; vertical-align: baseline;"">Notes Olfactives :</strong></p>\n<p style=""border: 0px; margin: 24px0px20px; padding: 0px; vertical-align: baseline; font-family: Poppins; font-size: 17px; font-style: normal; font-weight: 500; letter-spacing: normal; text-transform: none; text-align: left;"">Tête : Héliotrope, Cumin et Bergamote;</p>\n<p style=""border: 0px; margin: 24px0px20px; padding: 0px; vertical-align: baseline; font-family: Poppins; font-size: 17px; font-style: normal; font-weight: 500; letter-spacing: normal; text-transform: none; text-align: left;"">Coeur : Amande amère, Lavande et Jasmin;</p>\n<p style=""border: 0px; margin: 24px0px20px; padding: 0px; vertical-align: baseline; font-family: Poppins; font-size: 17px; font-style: normal; font-weight: 500; letter-spacing: normal; text-transform: none; text-align: left;"">Fond : Vanille, Bois de santal et Ambre.</p>","<span style=""font-family: Poppins; font-size: 17px; font-style: normal; font-weight: 500; letter-spacing: normal; text-transform: none; float: none; text-align: left;"">Perseus de Maison Al hambra est un parfum Ambre Fougère pour homme.</span> 100ml – Pegasus Parfums de Marly Clone",,,none,taux-zero,1,3.0,,0,0,750.0,,,,1,,,35,"PARFUMS ALHAMBRA, PARFUMS HOMME ALHAMBRA",,,https://www.frenchavenue.fr/wp-content/uploads/2023/12/1000031008-jpg.webp,,,,,,,,,0,3000000018286.0,
1829,simple,2097182752511.0,,Al Noble Safeer 100ml – Lattafa,1,0,visible,"<div style=""margin: 0px; padding: 0px;"">Al Noble Safeer Accords principaux: boisé, aromatique, épicé frais, ambre, terreux, herbes</div>","<div class=""divproductlongtext"" style=""margin: 0px; padding: 0px;"">\n<div style=""margin: 0px; padding: 0px;"">Al Noble Safeer est un parfum pour homme et femme. Les notes de tête sont Armoise et Bergamote; les notes de coeur sont Notes herbales, Notes vertes et Notes épicées; les notes de fond sont Gaïac, Notes de noix, Encens, Patchouli, Ciste, Genévrier et Cumin.</div>\n</div>",,,none,taux-zero,1,,,0,0,750.0,,,,1,,,35,"PARFUMS FEMME, PARFUMS LATTAFA > PARFUMS FEMME LATTAFA, PARFUMS HOMME, PARFUMS LATTAFA > PARFUMS HOMME LATTAFA, PARFUMS LATTAFA, PARFUMS MIXTE, PARFUMS LATTAFA > PARFUMS MIXTE LATTAFA",,,https://www.frenchavenue.fr/wp-content/uploads/2023/12/1000029844-jpg.webp,,,,,,,,,0,3000000018293.0,
1830,simple,2048916633456.0,,VERSENCIA CRYSTAL ALHAMBRA,1,0,visible,"<h1><span style=""font-size: 75%;""><strong>Versencia Crystal – Maison Alhambra | La fraîcheur éclatante de la féminité moderne</strong></span></h1>\n<em>Un parfum floral et fruité, pur et lumineux, qui célèbre la douceur et la force de la femme contemporaine.</em>\n\nVersencia Crystal – Maison Alhambra est une eau de parfum féminine, florale et lumineuse, inspirée par la fraîcheur naturelle et la sensualité. Un parfum élégant et délicat à découvrir sur FrenchAvenue.fr.","<h1><span style=""font-size: 75%;""><strong>Versencia Crystal – Maison Alhambra | La fraîcheur éclatante de la féminité moderne</strong></span></h1>\n<em>Un parfum floral et fruité, pur et lumineux, qui célèbre la douceur et la force de la femme contemporaine.</em>\n\nVersencia Crystal – Maison Alhambra est une eau de parfum féminine, florale et lumineuse, inspirée par la fraîcheur naturelle et la sensualité. Un parfum élégant et délicat à découvrir sur FrenchAvenue.fr.\n\n<hr />\n\n<h2><strong>Versencia Crystal – Maison Alhambra : une essence de lumière et de transparence</strong></h2>\n<strong>Versencia Crystal – Maison Alhambra</strong> incarne la féminité dans sa forme la plus pure.\nC’est un parfum qui évoque une femme libre, rayonnante et pleine de vie.\nChaque note évoque un moment de fraîcheur, un éclat de lumière, une touche de sensualité délicate.\nInspirée par la nature et la légèreté, cette fragrance séduit par sa douceur raffinée et son équilibre parfait.\n\n<hr />\n\n<h2><strong>Pyramide olfactive – Versencia Crystal</strong></h2>\n<h3><strong>Notes de tête</strong></h3>\n<strong>Yuzu, grenade, accords aqueux</strong>\nUne ouverture fraîche et pétillante, vive comme une brise matinale.\n<h3><strong>Notes de cœur</strong></h3>\n<strong>Pivoine, magnolia, lotus</strong>\nUn bouquet floral délicat, féminin et poétique, au cœur d’une douceur aérienne.\n<h3><strong>Notes de fond</strong></h3>\n<strong>Ambre, musc, acajou</strong>\nUn sillage chaleureux et sensuel, enveloppant, qui laisse une impression élégante et durable.\n\n<hr />\n\n<h2><strong>Pourquoi choisir Versencia Crystal – Maison Alhambra ?</strong></h2>\n<ul>\n 	<li>Parfum <strong>féminin, lumineux et rafraîchissant</strong></li>\n 	<li><strong>Parfait pour le printemps, l’été ou une utilisation quotidienne</strong></li>\n 	<li>Inspiré d’un grand classique de la parfumerie moderne</li>\n 	<li>Sillage <strong>subtil mais présent</strong>, idéal pour une élégance naturelle</li>\n 	<li>Flacon épuré, raffiné, fidèle à l’esprit de la fragrance</li>\n</ul>\n\n<hr />\n\n<h2><strong>Pour quelle femme ?</strong></h2>\n<strong>Versencia Crystal – Maison Alhambra</strong> est dédiée aux femmes qui aiment la simplicité élégante, la beauté discrète, l’éclat naturel.\nElle est l’alliée idéale de celles qui cherchent un parfum frais, propre et floral, capable de sublimer leur féminité tout en douceur.\nC’est une fragrance de liberté, de douceur assumée et de lumière intérieure.\n\n<hr />\n\n<h2><strong>Disponible dès maintenant sur FrenchAvenue.fr</strong></h2>\nOffrez-vous ou offrez <strong>Versencia Crystal – Maison Alhambra</strong>, un parfum floral, clair et délicatement sensuel.\nDisponible en quelques clics sur <em>FrenchAvenue.fr</em>, avec une livraison rapide et soignée.",,,none,taux-zero,1,,,0,0,750.0,,,,1,,,35,"PARFUMS ALHAMBRA, PARFUMS FEMME, PARFUMS ALHAMBRA > PARFUMS FEMME ALHAMBRA",,,https://www.frenchavenue.fr/wp-content/uploads/2023/12/1000029854-1-jpg.webp,,,,,,,,,0,3000000018309.0,
